sensor_temp,sensor_vib,sensor_voltage,operational_hours,maintenance,RUL
44.9671415301123,0.779871087317201,216.624108625128,1561,1,0
38.6173569882882,0.684926736582554,219.277406646422,831,1,169
46.4768853810069,0.511926073984035,216.037900395,705,1,295
55.2302985640803,0.370612644458885,218.460192351805,2604,1,0
37.6584662527666,0.639644662722718,210.531926665231,714,1,286
37.6586304305082,0.57869707708435,221.066468536865,2845,1,0
55.7921281550739,0.679038644005547,220.006027376811,2104,1,0
47.6743472915291,0.627034360336394,215.914556844659,1819,1,0
35.3052561406505,0.709910543063867,223.296228342162,773,1,227
45.4256004358597,0.392952957687886,224.687850688133,1370,1,464.895184762867
35.3658230718754,0.763478813126865,211.962200678155,2690,1,0
35.3427024642974,0.53951992093848,216.186376107169,1687,1,0
42.4196227156603,0.915052174525053,216.154288251064,1711,1,0
20.867197553422,0.362162436382086,215.300484494456,996,0,1847.35466145047
22.7508216748697,0.84719276063305,224.147374209659,1562,1,0
34.3771247075903,0.53958215669253,219.030869306136,377,0,991.669501047228
29.8716887966558,0.36971639927711,218.677425793447,651,0,2173.00060763855
43.1424733259527,0.403222833189136,210,1736,1,166.18319352596
30.9197592447879,0.435930538361136,223.177090151046,2258,1,192.10376221286
25.8769629866471,0.584833189280383,213.803708025733,2532,1,0
54.6564876892155,0.6045670976071,220.299663151332,860,1,140
37.7422369951347,0.385259999212284,221.386884689791,2841,1,0
40.6752820468792,0.495129081547803,226.803292979193,1549,1,0
25.7525181378654,0.928454071722373,213.455898004404,504,1,496
34.5561727547482,0.845508634020142,210,1458,1,0
41.1092258970987,0.587264733934806,220.919247723768,1332,1,0
28.490064225777,0.50760069563364,229.002555907554,121,0,1693.43488133086
43.7569801834567,0.524006265343652,226.194731764697,777,1,223
33.993613100812,0.622703594546083,221.048297076373,2758,1,0
37.0830625020672,0.295441486960319,217.54181907184,2128,0,540.992513431965
33.982933877706,0.448524692515331,224.035612983187,1331,0,921.90621834451
58.5227818450894,0.166283185224482,215.132269001478,2155,1,0
39.8650277526207,0.579844624521056,222.381788846781,2849,1,0
29.422890710441,0.629439187940548,222.527350795833,1908,1,0
48.2254491210319,0.403362707540125,225.301049537494,628,0,878.088225775636
27.7915635002898,0.814797352658007,233.798300194555,2137,1,0
42.0886359500476,0.254846867399532,221.962079835894,2749,1,0
20.4032987612022,0.207125023958036,217.455181871463,1776,0,954.92506625886
26.7181395110157,0.544890363711994,219.87212843904,756,0,738.14138537949
41.9686123586912,0.709419660522431,211.154620475554,265,0,735
47.3846657999541,0.836785538291574,216.526434344555,948,1,52
41.7136828118997,0.408223147426212,217.953587809434,595,0,1487.23441587143
38.8435171761176,0.715736166686259,217.379558010327,689,1,311
36.9889630441071,0.492298306099859,220.761774360169,528,0,1227.54210355128
25.2147800963257,0.465474540011836,215.887900338089,2921,1,0
32.8015579160529,0.676731987497335,225.605153336622,262,0,738
35.3936122904021,0.630464575682684,220.001035324591,2513,1,0
50.5712222621892,0.18472156860315,219.953498394307,1362,1,0
43.4361828956846,0.795308069945179,218.360526417435,171,0,829
22.3695984463727,0.77601827082949,220.775953419295,754,1,246
43.240839693948,0.374887459698094,224.125491323338,368,0,1735.38095808398
36.1491771958368,0.579160706687482,215.664348921446,1876,1,0
33.2307799969404,0.598806037256548,216.709417554624,2562,1,0
46.1167628884087,0.552134753164781,218.481369856117,1368,1,0
50.3099952249595,0.389938969230916,213.270645382634,1115,1,213.943980025802
49.312801191162,0.36567532641239,215.903710701393,2822,1,0
31.6078247677736,0.494889185801711,217.618895632277,1183,0,764.755810847325
36.9078762414879,0.734545803851873,224.371945903564,105,0,895
43.3126343140356,0.608720030918887,221.31280664501,1081,1,0
49.7554512712236,0.425877133582779,220.967949556838,2717,1,0
35.2082576215471,0.654339742129669,224.25448981084,506,1,494
38.1434102333618,0,219.313141058003,2053,1,0
28.9366502599397,0.729753140074421,221.952324249644,2173,1,0
28.0379337591933,0.15205724424438,219.483891235338,1085,0,1347.04817606165
48.125258223942,0.427511811719374,221.326811746998,489,0,914.363422002445
53.5624002857082,0.276066021074771,217.086206711942,809,1,355.276235925691
39.2798987841967,0.241063704855819,210,2718,1,0
50.0353289789202,0.732165357475704,219.328604189068,1571,1,0
43.6163602504763,0.406459759737622,227.1137406805,853,0,1042.89964027799
33.5488024539488,0.569300776346143,224.631077011208,2293,1,0
43.6139560550841,0.490615884224163,224.826987422956,1511,1,0
55.3803656646597,0.595408165444624,226.180653609031,2932,1,0
39.6417396089005,0.515364378212051,220.443287954807,1372,1,0
55.6464365581401,0.243401555162286,220.986578537028,625,1,375
13.8025489591026,0.699253363889428,216.911740522828,1585,1,0
48.2190250437522,0.401248683367738,218.419635719865,2160,1,0
40.8704706823817,0.18868362026805,223.078855748856,2531,1,0
37.0099264953413,0.414376967806818,226.019422185844,655,0,1661.1846553793
40.917607765355,0.800151958126862,219.302768621595,118,0,882
20.1243108539911,0.670044348422699,217.749053675743,674,1,326
37.8032811216249,0.430269573118428,220.002639794283,2898,1,0
43.5711257151175,0.430148459136314,223.006033744646,1103,0,698.083313900026
54.7789404474152,0.435672989756523,212.780725919332,2566,1,0
34.8172978172635,0.915349596712168,210,2566,1,0
31.9150639710681,0.576387090446311,217.247315752542,2038,1,0
34.9824295641546,0.586008329438214,213.896437870429,2039,1,0
49.1540211770207,0.706056690806369,217.459299011763,1735,1,0
43.2875110965968,0.547757831805303,219.261098405913,1798,1,0
34.7023979623296,0.448191570835859,217.733757954885,2269,1,0
45.1326743311336,0.460730030183004,227.262337672354,531,0,869.683607081454
40.9707754934804,0.485679748117187,221.633723823012,2191,1,0
49.6864499053289,0.492555552698032,221.502371798054,1995,1,0
32.9794690612265,0.645525908727396,223.111035720217,2043,1,0
36.7233785340223,0.51038917716146,214.305834411096,1440,1,115.569433241516
36.0789184686784,0.646528015443116,225.195558937101,2528,1,0
25.3648505186788,0.483856683978284,219.621178567323,244,0,1910.47867512159
42.9612027706458,0.515727038063218,223.352403086206,2510,1,0
42.6105527217989,0.100359863093578,214.640713834799,1173,1,112.692184827434
40.0511345664246,0.683265534940496,212.23120616992,1188,1,0
37.6541286662485,0.569297695179599,224.089448290125,2502,1,0
25.8462925794959,0.69960202197193,221.882047630488,899,1,101
35.7935467723464,0,215.489742228212,2973,1,0
36.5728548347323,0.917674940956146,215.651684593627,1251,1,0
31.9772273077838,0.472082074368965,225.627173922074,2545,1,0
38.3871428833399,0.721636563347503,214.052940535663,2056,1,0
44.0405085681454,0.292018814574894,228.21336476628,562,0,1563.30156389936
58.8618590121053,0.622554781012514,215.496896326761,1874,1,0
41.7457781283184,0.289316887365269,223.191959628042,2145,1,218.800204404088
42.5755039072276,0.375246207860839,218.356907621255,907,0,1262.30970229239
39.2555408423383,0.882806270773357,223.015937155412,286,0,714
20.8122878470096,0.461863519847331,217.279429989429,1843,1,455.632559991616
39.7348612455078,0.543486574635945,219.186035469639,831,1,203.714358990527
40.6023020994103,0.674013546137751,220.204595876979,2035,1,0
64.6324211248529,0.599136377594521,214.989062721093,1313,1,0
38.0763903521888,0.530083781028715,223.704121727101,1511,1,0
43.0154734233361,0.572992200493245,217.433932167642,528,1,472
39.6528823029476,0.980683117047655,218.8570004233,1407,1,0
28.3132196238047,0.488476240593283,215.028253126957,2384,1,0
51.4282281451502,0.540219809342994,210,1317,1,0
47.5193303268677,0.710130879201522,219.044861186999,1410,1,0
47.9103194704305,0.721105186591597,232.063077108065,870,1,130
30.9061254520526,0.737406061112076,223.92302143949,857,1,143
54.027943109361,0.627746044405837,219.903698101328,235,0,765
25.9814893720772,0.271399017453903,218.685545853959,891,0,2084.68109103846
45.8685709380027,0.826686306460219,220.11232946406,270,0,730
61.9045562580998,0.270730921396262,222.735595575876,2306,1,0
30.0946367486931,0.560527093047807,214.095935923456,2348,1,0
34.3370227039723,0.349144829996128,225.571608473344,1680,0,1034.84350341495
40.9965136508764,0.487172330681402,223.576906577206,1061,1,481.727707280963
34.965243458838,0.565752482060696,223.59092862854,2730,1,0
24.4933656893387,0.564271443090055,222.192378694049,975,1,273.638188562184
40.6856297480603,0.584384150847057,220.09808328847,2518,1,0
29.376962862739,0.82274225381173,223.364306179834,202,0,798
44.7359243063518,0.590706860302796,222.959070668707,1101,1,0
30.805757657662,0.45116867294187,218.229796445295,1248,0,1102.66313855642
55.4993440501754,0.692817433657672,217.131991135516,2945,1,0
32.1674670766376,0.737894097784928,220.50928147631,1581,1,0
36.7793848379432,0.254478436972602,227.745100757476,757,0,1822.86608083318
48.1351721736967,0.619480013969972,213.804464621731,1320,1,0
27.6913568356605,0.64023454846218,212.662373671238,2880,1,0
42.2745993460413,0.440487299328002,220.823804206183,522,0,1320.76702022632
53.0714275428243,0.775141362662324,220.25443850928,2719,1,0
23.9251676543877,0.469988882593495,220.866708321852,270,0,2004.2760569476
41.846338585323,0.525115290694308,221.219765989543,2320,1,0
42.5988279424842,0.465385635143226,218.883988726826,2810,1,0
47.8182287177731,0.503115809516294,227.44931719301,552,1,448
27.6304928912192,0.28074498262096,211.995480107617,2497,1,414.282118156318
26.7954338691572,0.211989823481141,215.857514876099,2075,0,707.031520440646
45.219415656169,0.818901012644995,219.483726199255,1757,1,0
42.9698467323319,0.330607730336334,211.784055944229,2641,1,0
42.5049285034588,0.301721530108739,219.12072797784,2767,1,0
43.4644820949698,0.069321977279257,228.30735082864,2153,1,0
33.1997527842151,0.3722076504621,220.10443244148,387,0,2333.22726151765
42.32253697161,0.2353820413185,221.153504528593,1741,1,486.459552403311
42.9307247329868,0.828403032027274,213.699176174137,1547,1,0
32.8564858197363,0.701963417868527,216.918192959803,2013,1,0
58.6577451114476,0.362369930964455,218.12401809838,707,1,293
44.7383292091179,0.950487161068862,218.411424516219,556,1,444
28.0869650279735,0.696353097398319,226.408218975019,1864,1,0
46.5655360863383,0.435033723298276,222.788455303626,1325,1,177.877752566669
30.2531832977268,0.000118857025285357,214.442710215315,1335,1,0
47.8708460374245,0.958188514518148,221.23252389216,1129,1,0
51.585955790074,0.222085506647281,222.491108742484,2771,1,0
31.7931768164829,0.170920250608622,225.700745192606,2523,1,0
49.6337612924432,0.704514086401928,227.902703432842,546,1,454
44.127809269365,0.987950481267855,214.924529040861,934,1,66
48.2206015999449,0.776854563702104,215.945712443948,910,1,90
58.9679298265395,0.612781824010472,213.712110705427,1524,1,0
37.5461188399713,0.618950868333057,218.829900704465,1511,1,0
32.4626383564251,0.670683111756062,222.331791872232,1058,1,0
31.1048557037448,0.651785717957353,224.936672582946,1575,1,0
31.8418971503456,0.556238284793875,219.620244881787,2996,1,0
39.228982905859,0.520840220790375,218.400762383726,908,1,420.262462110983
43.4115197481664,0.487481374420096,220.758789961244,1078,1,289.394684073242
42.7669079933002,0.349207082226665,215.82428549185,2563,1,0
48.2718324903602,0.443864984626645,230.447693608474,825,1,344.910269979752
40.1300189187791,0.161408637160923,211.96169486441,2601,1,0
54.5353407715732,0.48033207464105,220.923702894479,1316,1,0
37.3534316676204,0.302281778569817,230.118031096148,2297,1,261.368008420075
67.2016916658962,0.279282136556846,220.0339992228,2003,1,0
46.2566734776501,0.535978830230696,219.049804824993,2906,1,0
31.4284244358372,0.77840045726892,218.212772885948,878,1,122
29.2910750193889,0.683663321200463,219.098041591188,1072,1,0
44.8247241524319,0.185899879275365,226.864242373383,2910,1,0
37.7653721467415,0.302074372685933,210,1638,0,899.7708110161
47.1400049409209,0.688154237597643,227.667168506482,1516,1,0
44.7323762457355,0.303502521292338,212.880214237749,2223,1,0
39.2717108734313,0.455073370000595,218.666738353828,698,0,1246.40259184416
31.532062819316,0.61001041980491,217.853777898507,324,0,676
24.8515277531414,0.306331109027273,222.942766348854,1653,0,1337.28906599354
35.5348504793298,0.521075101229192,212.009378240581,2260,1,0
48.5639879432347,0.233194901016359,222.31086333041,2398,1,0
42.140937441302,0.379726471209757,230.121548116434,940,0,1145.73153873408
27.5426122128801,0.563956386828507,213.184129977036,1914,1,0
41.7318092585118,0.181401253293666,220.948530838052,813,0,1212.33996332317
43.8531737972884,0.58809494759208,216.690089111017,1206,1,0
31.1614256379887,0.496072440214664,222.129436030965,224,0,1725.99286602456
41.5372510594553,0.61049799088343,220.095738887079,1192,1,0
40.58208718446,0.544782826812932,216.792565454778,1379,1,0
28.5702970216938,0.772828085994769,222.439361424355,1850,1,0
43.5778736034828,0.525044900529581,229.021740548934,129,0,871
45.6078452636823,0.414118891774949,219.045481041364,2428,1,0
50.8305124317528,0.524459500606457,223.598789710741,2117,1,0
50.538020520349,0.608659605807278,213.533635210644,2515,1,0
26.2233063204291,0.509772014065141,215.21781811591,594,0,1279.69778185139
30.6217496008488,0.508118338240777,222.362031389402,1709,1,132.358476413717
45.1503526720866,0.359601662438649,227.42058014268,817,0,1136.82222996654
45.1378595091221,0.36741981648981,221.778066743928,1116,0,866.017385912502
45.1504768630605,0.219478945640061,218.434709847384,1437,1,496.143933393362
78.5273149065472,0.849915348637388,219.996457027117,705,1,295
45.7089051069317,0.251227352921743,213.747961330151,474,0,1474.42328883321
51.355656401806,0.361418960440819,223.022576631777,2786,1,0
49.540017634932,0.356318546886161,224.411665311617,2060,1,0
46.513912513058,0.678984875388888,217.739548335835,1148,1,0
36.8473075535965,0.441010064341594,217.649789261203,1457,0,728.472339410491
47.5896922049327,0.749548414534747,221.32939114826,215,0,785
32.2717478546243,0.365301875151226,217.816401319797,2195,0,576.116153544418
37.6318139325999,0.55579883244476,219.669336926871,1901,1,0
35.146364521709,0.332930589348049,230.498608945833,2246,1,387.893699538029
40.8187413938632,0.929029825554678,218.76487149627,1582,1,0
63.1465856667351,0.262480316194097,218.208299239894,1646,1,0
21.3273480740825,0.561964142045406,216.762290971824,1720,1,0
46.8626019037451,0.62675537618642,223.7209598575,2552,1,0
23.8728412881035,0.5827598194903,219.09387913391,784,1,216
35.2806813421057,0.462942468224458,216.753134808393,2650,1,0
50.8895059696737,0.474035860053315,226.606520161365,1571,1,0
40.6428001909546,0.508762294395822,227.098015022568,1699,1,0
29.2225522207069,0.470599599674302,216.997882171307,2405,1,0
32.8469629074003,0.692775823358982,210.667300243197,2991,1,0
46.7959774893468,0.94210460031827,225.037568449185,2268,1,0
32.6963336828286,0.388501642998433,216.5768508712,909,0,1751.83841380101
42.1645858958198,0.226039404084184,223.953127995814,1077,0,1115.90073762098
40.4557183990381,0.482343590329749,210.149480911441,2201,1,0
33.4839965239418,1.01594186753086,224.462986691497,1454,1,0
61.4394408932533,0.339265086406054,213.944140353596,883,1,117
46.3391902231801,0.827823361088814,223.653820595333,340,0,660
19.7485741334239,0.835540162815288,220.071365339182,1878,1,0
41.8645431476943,0.389282351658401,215.230302903017,1653,1,492.938052594021
33.3821353523161,0.613796615837055,217.964818435366,582,1,418
48.5243333479622,0.825679324625708,223.431592284784,1112,1,0
32.074792615673,0.424174451802503,220.529472265576,286,0,2217.00909587584
38.852635585331,0.459283927979528,222.922064902362,1981,1,0
45.0498727898046,0.383663817210271,229.882202922577,2803,1,0
48.6575519417012,0.297048653861427,212.178791941445,2409,1,0
27.9970359294422,0.370144490986799,228.086062874843,1052,0,1739.64884820612
36.6549876415905,0.255211946647549,220.521779687616,1487,0,1160.71464304531
35.2505468883904,0.506816693651845,215.506079758384,590,0,1086.97892484365
33.4667076742629,0.346005353788272,213.348431871305,530,0,2213.54401846324
57.654542402811,0.54675718235815,219.054398046115,338,0,662
44.0498171096096,0.188820870759275,224.608250559622,2451,1,0
27.3911604566495,0.566176046442891,219.362254398112,2445,1,0
49.1786194705478,0.666705792321785,227.555774651237,175,0,825
61.2215619701263,0.101252871485709,212.744121549742,1456,1,0
50.3246526055115,0.574811313969515,219.93955526077,2023,1,0
24.8063003404599,0.745533798494658,213.738032777934,1881,1,0
35.1576592713375,0.258071796261759,221.818159413125,2789,1,0
52.6691114918662,0.834514477367541,224.434436950487,926,1,74
32.9233053438122,0.583803801873209,217.896191031595,2430,1,0
44.4381942814623,0.358997628848318,210,690,0,1283.33000159274
47.7463405342934,0.488846184468459,220.994740733982,2219,1,0
30.7306952842192,0.611665382504345,222.183692758668,2850,1,0
39.404746439382,0.515201078282482,222.021473774809,2002,1,0
7.58732659930927,0.607751198489274,226.178910959111,2010,1,0
29.7561235866571,0.315865281384127,214.644731601755,674,0,2240.76017361103
37.4743184860684,0.533872164807216,223.401080527252,991,1,284.230977363771
27.5221681803515,0.217257100619004,225.96253756239,2159,0,620.152166801132
56.3241130393164,0.47775478773026,211.107062079967,240,0,760
25.6985862203937,0.319218471707042,221.598259129595,1889,0,1098.12733148064
35.5995551330302,0.352894011482047,217.479100844962,116,0,2558.03272503212
41.3074057728609,0.747218635042088,219.592386634492,1186,1,0
54.4127328906612,0.718262024118854,221.738382417692,352,0,648
25.6413784882056,0.621827624181435,217.563857179432,564,1,436
51.6316375215496,0.281537447065484,216.621459604192,475,0,928.965780318602
40.1023306101959,0.43671831006104,220.17076208744,1927,1,98.8281218615862
30.1849134895205,0.742619539995837,214.563770305686,619,1,381
44.6210347426327,0.528343382727981,214.570874355574,1960,1,0
41.9905969557347,0.963865907996339,223.396866414783,189,0,811
33.9978312284121,0.578663567878874,214.256029824207,819,1,181
40.6980208499002,0.538409823298006,223.331562504546,2951,1,0
36.1468640313824,0.4381767071595,222.31295646427,2943,1,0
41.1351734525125,0.526708180956456,211.370966356047,729,1,333.082968128751
46.6213067452105,0.469506032723891,216.612176738322,1984,1,0
55.8601681614535,0.641621735337718,225.970547015237,175,0,825
27.6218450117315,0.691340463358917,215.094172344302,1025,1,0
61.3303337465627,0.34280210789841,217.677978688453,2547,1,0
20.479122004775,0.233753409288444,222.310304466259,1905,0,934.528695200106
38.4821490496442,0.132758925379341,223.916952546413,1069,0,812.488405638278
45.8831720648458,0.601598265382509,218.742305569778,1194,1,0
42.8099186773503,0.279326678765225,217.012449026542,2128,1,147.51609881168
33.7730048017941,0.0694218814095034,227.111849308493,1504,1,0
37.9187774964272,0.577715720906193,228.694498318988,2944,1,0
35.0699906534117,0.998599903486558,224.894290253909,294,0,706
34.1063524305579,0.498785817692021,220.426590712825,327,0,1500.64375505542
48.4960209702102,0.667698154890328,215.958671391795,1559,1,0
43.5701548596505,0.516365871709513,215.847777967217,560,1,486.069510038593
33.0709040473935,0.480222069361772,222.612570526329,717,0,1319.42019113624
48.9959987543325,0.683815296597554,222.091991104443,163,0,837
43.0729952087661,0.44194509116227,227.007992964732,2312,1,0
48.1286211883896,0.553478462814381,223.252250462681,2174,1,0
46.2962884192361,0.564339561239203,212.484598491201,384,0,616
31.7100498907793,0.36638190927139,225.259738088615,1783,0,979.116164861306
34.3981895980303,0.698408469907305,215.009696863428,2428,1,0
47.4729360512326,0.465008048660918,218.080143640238,937,1,256.327515679582
46.1037026543347,0.348850968101431,221.251001031258,930,0,1019.07175659179
39.7909840603585,0.607301968714081,229.97833744892,1287,1,0
41.1732738330878,0.320306403641793,235.549592780027,323,0,1843.62411036477
52.7766489578843,0.505636231473826,223.033615295681,883,1,117
34.0842861116417,0.498176200671159,219.084016906398,1049,0,784.928580698253
45.4709738117004,0.717179113166316,222.672528242403,144,0,856
37.9780734756611,0.594939646575991,224.438277129369,1910,1,0
37.8231879677278,0.494994608250971,218.396661872214,570,0,1111.44765421718
50.9877685198719,0.663553259840057,228.976056779562,2181,1,0
48.2541634898803,0.778041509803463,221.150353795957,2800,1,0
48.1350963600064,0.611562061270373,222.488715445457,929,1,71
53.0547880715433,0.502070523968676,223.329621260272,2009,1,0
40.2100384163276,0.237632753529968,222.107933053072,2368,1,16.214185490398
46.8195297129496,0.286977267384925,224.194702502348,1991,1,0
36.8973324340654,0.438955059129066,216.913734067265,2681,1,0
43.2416635248844,0.378097559568143,217.20849123027,791,0,1309.26389595914
38.6985694563232,0.462605739402911,214.499228835142,1490,1,401.724065201101
40.9699596499272,0.511329984979421,222.197506153101,1031,1,280.907211321349
45.9515702543691,0.605938550871346,223.894682517561,940,1,60
31.8177931676653,0.485900244388182,222.288864330759,2038,1,0
60.9238727568546,0.59730032876524,228.372462166738,1673,1,0
29.939826185003,0.512894882962024,219.972019905855,2729,1,0
27.8581138721227,0.104906686729226,223.343708277963,2386,1,0
51.5811087350007,0.312132921236249,214.541495619303,2588,1,0
47.9166269396294,0.471182488855677,218.064501487628,247,0,849.619310371015
46.2411981705216,0.258061051431779,223.477688787829,1132,0,809.292685032327
46.2834550926428,0.619985745999241,224.245510553716,1411,1,0
39.8775322715309,0.80615016646874,218.530165261679,487,0,513
31.0274562851417,0.743752370339463,219.64200374071,1973,1,0
40.7580455819373,0.457311425813958,212.410631266596,1015,0,756.916030354777
33.2283828848789,0.798145227369991,218.214853995967,1978,1,0
49.7511973341775,0.529733491440422,224.451915817599,2785,1,0
38.5294261849786,0.432582805776392,222.876025080533,377,0,1768.50597472589
31.7450280320749,0.377319467291812,222.503328606906,2077,0,666.174949431993
36.7861415834701,0.439506062702374,220.248868435905,1959,1,245.693674176746
44.1293145427562,0.422364636291754,220.035315793141,1925,1,0
34.3627544719603,0.534083244475098,216.698394302633,2736,1,0
31.7777960443357,0.532114796209973,223.494142101013,1933,1,0
42.4368721149191,0.500609204030683,222.104864721947,2796,1,0
42.4496657110872,0.58738763394927,222.460094239964,717,1,283
34.9305682462887,0.738129254957268,217.369825786662,1730,1,0
35.2896169438168,0.689910827088265,210,2282,1,0
42.3204993735764,0.203020406310019,225.485763558768,679,0,1389.11436159254
25.5191565850268,0,217.605812719958,1270,1,0
25.9253622562344,0.686863982247855,215.686121179784,589,1,411
32.8155577874756,0.226624260316916,223.46739455957,2625,1,92.6373211075575
37.8655284828815,0.455046919621463,218.039936800404,1282,0,745.34319649801
43.1090756559801,0.265977394788128,225.299681920233,483,0,1731.22243854482
54.7535621694955,0.139603912483996,223.085029747883,262,0,738
48.5765962320202,0.608292545640958,223.417846616002,2588,1,0
38.4006147003657,0.651831032060529,213.170221443997,1976,1,0
39.8098379209731,0.384697919854656,226.059719926932,1312,0,984.533466502293
29.9747063536219,0,221.306252656169,2562,1,0
39.8148686400761,0.390751110349503,218.153614303769,1462,0,840.962686179704
37.1134136107986,0.578360801080509,220.716942336711,1730,1,0
43.2271856033809,0.204217686245174,211.118823835508,1304,0,649.478874740468
31.7276905644768,0.536671983955831,222.043264057403,387,0,1107.90254929344
45.1934651424117,0.496938030165401,214.85314245909,1957,1,0
55.3273891300258,0.615858299920218,213.236648570782,286,0,714
38.9123985154314,0.523916073682831,212.388204068911,2007,1,0
44.0171172209894,0.305386211823689,225.56344187495,1261,0,903.654505010256
46.9014399171111,0.739314300332898,216.853683031536,229,0,771
35.9877952811416,0.468294085394606,227.668638549583,2341,1,0
42.2409248181042,0.494539092098014,217.320992684739,2463,1,0
40.125924007818,0.313346408185361,211.463210212035,1987,1,427.239883518104
40.9767609854883,0.411343549761698,214.417377800257,243,0,1848.6621406756
32.2699021614453,0.32303945719462,226.179058100035,115,0,2716.10109866308
40.2451017425894,0.465410788015315,219.220509110317,2570,1,0
44.9799829124545,0.842341696028469,217.258563517547,344,0,656
54.5114360779504,0.225619771413729,220.800091129264,1026,1,0
49.5927082608521,0.177287720424652,222.508913680838,2276,1,0
61.5318245751156,0.794234065498722,225.586994079512,1006,1,0
32.3265243711195,0.458135264569627,227.242496149465,986,0,1217.09284787766
48.7232063672068,0.366185452268017,218.201156771055,440,0,1196.60570998167
41.8334200573835,0.707980937479215,213.36976156959,2151,1,0
61.8980293321767,0.378876892052627,217.932674194384,1533,1,0
31.9170171464485,0.865201942709387,221.301402532914,405,0,595
31.6027815781922,0.635585174267854,215.181205368947,1007,1,0
34.0060735455598,0.40241771837086,215.214245425525,2754,1,0
18.7610427569019,0.931461642653101,221.718939407749,1471,1,0
34.7424497831924,0.378857015399332,219.756738242148,420,0,2213.55715115707
32.408673384463,0.648419074401861,220.163984977058,658,1,342
41.5039378647621,0.559858516081298,216.2075233265,1304,1,0
43.4175597577716,0.76034825787976,218.847996428971,2765,1,0
58.7617083921589,0.812302239345371,215.378834278658,2858,1,0
49.5042383818605,0.506400829813153,224.450992055624,1509,1,0
34.230963443376,0.349316425930763,225.176246673619,1741,0,982.046643502698
31.0158532865164,0.591994428587823,210.76906068881,1231,1,0
44.9191917150651,0.364456926049579,215.352445699038,2678,1,0
26.7976679297936,0.902677449505325,212.51735372455,2557,1,0
58.3145876585435,0.527307066216547,216.749880327966,917,1,83
51.7944012072129,0.426935689737578,219.582810151048,1294,1,0
35.308243478953,0.536936061172982,212.751773901507,2640,1,0
22.8686547090912,0.230574742094061,215.390700934373,111,0,2737.16296179856
53.5387237416541,0.30567719229787,214.980213139593,294,0,870.087637505399
38.8546015474738,0.740082781588885,221.036336646995,2637,1,0
52.3781631197346,0.368621144205721,220.346721685181,2942,1,0
24.0557234120563,0.290617803463612,216.391312233314,2329,0,653.795269474076
34.0062497704623,0.607330550505457,220.884104360697,755,1,245
40.0524369971818,0.737140830932599,217.266599577064,2021,1,0
40.4698059376474,0.643790662133013,218.64172444837,2841,1,0
35.4993452852076,0.699209537161163,228.367260451493,2177,1,0
46.228499323475,0.348640982286108,226.702305258952,1719,1,175.487845212385
29.3237957061741,0.215637866651631,213.502093815362,1219,0,1519.30806706349
38.5762051497871,0.800266730391097,224.148662089396,877,1,123
41.202956317119,0.435464032231573,224.056982772458,543,0,1398.3654158187
45.1443883405875,0.449833396708991,214.258683556237,397,0,1107.01637933341
47.1161487808889,0.765638828369812,224.093888218774,907,1,93
28.7535790816213,0.611246001880132,227.689659592063,1860,1,0
24.6588582926438,0.591177554416322,214.387275968778,944,1,56
52.7767682189851,0.933000468980217,215.412485894929,1115,1,0
43.3231401197959,0.371296353923971,225.088307334218,1484,0,616.946623401966
32.5151346344345,0.685568025616247,221.357476554128,1497,1,0
55.5115197552252,0.511402624979417,222.757381376198,653,1,347
41.1567463429286,0.553718455772651,221.702946082002,2450,1,0
51.7929718406383,0.805693685282506,221.953479604641,520,1,480
40.6751848141011,0.601567151257925,213.367639358445,1369,1,0
60.6074792488199,0.607659215809927,225.236588533107,1360,1,0
57.553408424432,0.71450146746196,225.847949962139,284,0,716
37.5103585152093,0.427009454091423,218.85304627966,567,0,1680.6015277171
49.7157095095436,0.332158066532199,219.782615250931,2901,1,0
46.4537594958515,0.291038161195793,212.344462487221,2510,1,0
53.6863155753235,0.1067286821248,222.571273780089,1406,1,0
30.350765394199,0.911241425988065,222.860287208571,1676,1,0
46.8605145999844,0.279358326855663,219.689044915003,435,0,1492.29112112211
50.5842448684959,0.455749275282846,225.621766799353,2309,1,0
22.4126051357689,0.444637340022216,218.3296138451,1597,0,862.333890912746
28.1674148733423,0.56148133956182,222.823029629468,2159,1,0
19.607678222399,0.663147442507859,214.901678306539,1547,1,0
37.3059316555544,0.672094697671949,219.882239245629,687,1,313
47.1754225579596,0.383384512286212,219.128228710486,1981,1,0
55.0235705209603,0.466575657242718,221.126539610205,300,0,700
40.7409478041978,0.55651599009766,218.152365355833,621,1,379
56.2861554557129,0.450261774763291,219.342637021642,1987,1,0
26.1989854178511,0.821469115203999,224.130235857208,2652,1,0
22.9661756064485,0.59819499032765,217.816178813809,1811,1,0
39.4445230110338,0.646975557209964,211.967114496307,887,1,113
43.8406544893931,0.632576253733483,228.747919521027,159,0,841
39.6730525190591,0.734694771497065,226.907270393452,677,1,323
19.3255789996012,0.536204311740741,213.538686524472,420,0,1071.8860534041
39.1087996048721,0.240633610408831,223.448539026226,1558,0,899.646759278579
26.9553049949515,0.579937590350528,217.485126147243,2137,1,0
46.6967254883004,0.369728621241634,221.317436076655,1022,0,808.605909089303
43.6659824609685,0.394276663650049,221.471120645067,1509,1,492.369346360418
30.6012021367265,0.617272803751019,218.827960998418,1794,1,0
34.8613308266331,0.747656614286727,216.081171672068,668,1,332
29.4078647811105,0.504254315347212,216.547294738419,1201,0,700.907033086456
39.3732090272683,0.561766602519793,215.419040422594,626,1,374
49.5514232050124,0.840442988927048,215.840888958848,2671,1,0
30.1427395366446,0.548150635897714,219.664108549753,2760,1,0
45.0404651551784,1.02033662283608,216.421200054446,2272,1,0
34.6974238162756,0.613101929126309,223.410260328563,970,1,30
32.0712716773766,0.147847448168836,227.43623077668,379,0,1875.82497803922
38.9296964004544,0.650668324220907,217.09973379315,2769,1,0
29.6475767758063,0.576231676976556,221.197022502677,2993,1,0
34.4635069465282,0.757950550816549,222.498425551515,1992,1,0
28.0212210741115,0.634636270253992,222.360011354596,1851,1,0
59.6472513291639,0.472308803203245,220.37977633958,773,1,227
40.3526355197173,0.255140352742127,223.713412091799,1251,0,1161.11549983111
33.0027449200741,0.458195348542795,222.411244763403,2461,1,0
42.1397991073422,0.32989590915814,213.811687888364,431,0,1855.53240651018
38.8767195030917,0.383895310039055,224.345780321946,1273,0,1104.23507463524
37.7903040046678,0.617715680884122,224.436454186334,2139,1,0
46.1416670004343,0.833980900870281,216.183569479107,1577,1,0
47.5750771004731,0.578934305964596,220.189689177238,135,0,865
34.6949885238947,0.260823387592963,223.416644964055,1808,0,933.083468800759
34.2418175935532,0.588920533644028,218.953430902103,1543,1,0
37.2494830284836,0.73932629732913,225.36489023883,2353,1,0
16.9807883526442,0.378043419136124,231.819362473097,2786,1,0
24.8480893780145,0.473196566665417,216.070069836825,2995,1,0
53.6687426744453,0.502937638945839,213.094776984231,1479,1,0
56.4496771350128,0.343020337383552,221.519092978024,539,1,461
37.5096396044362,0.629656086768772,223.607812525631,2876,1,0
45.7655696305577,0.475810370278444,218.845668130776,1219,1,48.6934003184099
43.1125015454354,0.583906488781406,227.266303316605,263,0,737
70.7888080845524,0.32250156443958,213.306971001384,247,0,753
51.1957491143458,0.412508339935318,223.464593115158,2441,1,0
38.7208240851923,0.644476271565554,216.970695896206,294,0,706
30.4445955939957,0.425433369581647,228.596889531036,762,0,1704.88052153788
23.9355367974243,0.845392770246681,229.962576765841,579,1,421
42.0346363586722,0.42007276287708,216.166717061083,222,0,1758.02737479305
32.436492547157,0.544936945150377,217.252214320457,1523,1,0
25.7774629040233,0.686518166374618,224.297939434899,2846,1,0
33.5342711575747,0.216326853413394,218.064346751052,1064,0,1595.37050624944
29.1845199638561,0.147838237603845,219.772943910339,2808,1,0
56.8714163507256,0.194868737085981,220.126942102712,1878,1,0
48.8163975694945,0.752516820685437,210.401634219012,1585,1,0
39.9202735868338,0.389628370821511,219.930811269529,2114,1,190.465060614462
54.7994413889003,1.01163985713365,216.551361129679,809,1,191
40.7736830764762,0.387150480268522,217.534385888001,2543,1,0
31.3871579867174,0.536910260639407,227.218160017344,1011,1,443.079071286467
55.2312407726966,0.808421990513575,213.717465528604,1460,1,0
45.3891004368466,0.901218577631825,224.06602593374,2464,1,0
29.6275384567354,0.91230071532728,218.605185348341,1834,1,0
38.0966132191639,0.741673246118629,218.601199157521,1923,1,0
31.2438174661524,0.704812505162292,223.951859480259,1679,1,0
26.1720026903566,0.618505389840237,221.700256472844,780,1,220
49.2617754753164,0.655672215233328,222.853064986098,1433,1,0
59.0941664047013,0.389762856734293,224.840923302664,2642,1,0
26.0143242618086,0.336360223315539,218.343458084083,655,0,2306.91788131837
45.6296923669057,0.49932510851781,216.938816327461,709,1,342.623999819473
33.4935743087817,0.465963075495014,214.574247367211,2256,1,0
35.128746162353,0.409354390134545,215.872947350105,471,0,1985.02676189058
34.0760607576113,0.639277489491343,234.745472126544,715,1,285
31.3600923032018,0.691061041714102,226.223397903684,2915,1,0
40.4852162794483,0.51768137725837,213.24462816896,2014,1,0
31.6904988358896,0.795506016211052,213.387710216282,2353,1,0
42.7045682577984,0.271662177173299,222.409330308592,946,0,1331.55990641118
39.4976189055086,0.461268108144056,222.73632398689,142,0,1733.25867692
37.6105195313359,0.356635535879439,222.744419176587,964,0,1594.88922560728
30.924363379584,0.126692676585388,218.725221032232,1368,0,801.493493291898
34.2322866943167,0.48346386283146,219.372728699986,1478,1,490.720434132254
47.5539122582576,0.475650498323343,221.639397620797,884,1,211.587251625109
45.0091718762438,0.802689948648426,220.429465031467,575,1,425
30.2244475520145,0.626162336910956,210,182,0,818
40.9933230542923,0.295162635134159,218.851001847124,1233,0,1196.68061784254
47.5138712337179,0.870818513266838,215.742967828698,2337,1,0
23.3059471887863,0.744206739105071,220.876057094543,899,1,101
45.4336019237994,0.616419540693723,234.926295013017,1035,1,0
33.3737624105415,0.454703180230034,221.837408327372,2398,1,0
45.7059866859316,0.308112152655304,218.432351569138,2438,1,0
32.3674084345748,0.425558644785789,224.609007509886,1768,0,696.013368780835
21.9511789933548,0.717749723940837,222.413439436046,425,0,575
23.7245756211684,0.876917261186922,222.100472452259,1634,1,0
40.4808494666138,0.808648705654438,223.034252966078,2085,1,0
42.5972250172148,0.402230115642745,230.282717824148,2064,1,0
30.9568337489559,0.276076513342198,214.34555782337,936,0,1938.86591262961
46.3859245877737,0.528177249382241,222.368160384057,607,1,393
23.3847993773104,0.14631212688743,215.368094350092,2878,1,0
39.3392020135268,0.564633542836956,222.777563231711,2219,1,0
27.8898380023754,0.470479482740266,215.40656744257,1370,0,863.760884944568
33.4816389219784,0.406792699626352,217.913165931975,740,0,1810.66544222916
40.4739867131641,0.181059386546641,218.52455042881,1978,1,134.052944125941
31.3958663471605,0.602720021313943,224.879083596724,707,1,293
36.1544445577017,0.393459832067618,224.592272219712,2058,1,426.050011961063
50.0629280921444,0.266016632857942,213.771413117768,665,0,871.443275388244
34.2310813047685,0,220.274670554999,1467,1,0
48.3569211206514,0.494497018989873,216.452100726254,2201,1,0
28.7029314534238,0.854450319333949,213.707475446623,1853,1,0
45.2980417791528,0.832251842909574,218.914914747878,2675,1,0
54.415686206579,0.408580748682746,218.457586057721,2758,1,0
15.2835549987271,0.379557587927644,232.133582431728,1681,0,803.742480311383
32.0310474452952,0.593754851215005,222.164799126803,2086,1,0
45.7707212718054,0.300322912162342,213.111912496229,2340,1,0
37.9695461395701,0.560358379963893,217.176129979145,2205,1,0
43.7114587337131,0.653216055676938,225.106916477147,228,0,772
33.9601481328418,0.745386644776862,230.44221386435,1972,1,0
40.865897874729,0.479969184704009,212.07008343881,805,0,763.001036431743
38.4432276460792,0.459265249964607,210.600378074305,951,0,924.910790287198
51.6778206165981,0.324403482648688,229.354825876859,107,0,1209.02984400929
42.5442084330121,0.334623929192028,221.948070886855,2176,1,106.23627568915
43.376026620752,0.454704221619695,215.658536340618,1235,1,397.420445583517
35.8812303387753,0.573473101363236,222.673145430612,2278,1,0
35.1239377592751,0.68271692524665,210,2335,1,0
35.6744181218038,0.339364209863931,220.016877532986,1798,0,910.054073606717
43.944521423783,0.798537713791904,221.639105864215,2856,1,0
35.7901551917974,0.445775279791486,224.621350697689,1598,0,590.654648187212
42.8977485689641,0.495726541130313,214.930520238537,2359,1,0
60.7540079864544,0.350557664170435,220.428435807017,1744,1,0
48.7112470343169,0.0151519479454116,215.372876869702,375,0,625
36.7397646783216,0.67680907927221,221.276918778372,1802,1,0
52.0121392216394,0.647368779418487,215.523268388185,1895,1,0
35.9192462697845,0.443734488576357,217.959495804199,342,0,1872.39084224657
19.6187546482215,0.513398143444974,215.020923026049,2832,1,0
29.919136890826,0.60318784354082,223.255681209118,270,0,730
21.2920807897414,0.187490828622691,224.292255583283,752,0,1882.56611230799
36.4848651595869,0.394189464530741,218.826897150213,2032,1,451.716609580476
40.1841837918955,0.658852935924365,220.1911899748,2335,1,0
56.7643731227528,0.24914211536615,212.757042926832,1209,1,0
43.2692737376416,0.558711586433326,218.501616759966,1599,1,0
37.8089947119114,0.228683639075319,219.748976914791,2199,1,309.185636178268
48.2940558118349,0.593285996486705,233.10396545515,2258,1,0
17.8886469099212,0.492871703540503,214.440164871129,2072,1,0
42.3561455810857,0.176973636818898,227.320886193762,1166,0,732.604608994686
47.7086519388697,0.732947870891434,224.984293867329,2358,1,0
25.2141375422016,0.35308168464039,221.403182022451,2135,0,792.487549356481
51.4375404320693,0.337949512597124,228.793102420976,957,1,376.469336383476
43.3849640749441,0.540113839446189,221.860527363034,2774,1,0
35.847120860992,0.729727469885743,221.94579597834,1149,1,0
46.3278186610629,0.296835636204321,219.734396734912,398,0,1590.84390530717
62.706928578044,0.512335969969594,226.117844412093,1023,1,0
41.818662550585,0.585763300066115,225.482346169054,236,0,764
42.4822058630034,0.638621121452629,216.871613562519,1143,1,0
35.4063910045976,0.535288311055445,213.403764027006,2587,1,0
31.5015563053521,0.426594432183336,218.985096813022,310,0,2194.38236082184
48.3033581654425,0.334481955870256,215.999807178012,2899,1,0
31.4391617409113,0.517228776609275,219.682377126923,1674,1,54.0510167522948
40.7156623721939,0.285572197602879,226.187190673421,2582,1,0
35.2234255323488,0,217.713491724566,879,1,121
44.7897982574639,0.587311960831534,219.785883093442,1330,1,0
43.3366210528695,0.680786968217239,220.290113674042,2586,1,0
50.375399442579,0.0274135128916323,224.242154411026,1902,1,0
34.8998360114525,0.298053859058013,210,2813,1,0
37.3012506470663,0.62383085220104,216.966498526174,1165,1,0
30.2123628421769,0.91149909394234,221.056418461397,510,1,490
35.5570673992389,0.504158741535082,226.000394782134,2953,1,0
43.7730049304485,0.354399411754173,217.540487762469,2757,1,0
47.5698861664535,0.463420711779032,210.617236469791,526,0,586.306052428882
30.7783467582237,0.774975283829637,223.098557229831,1571,1,0
48.6960592010566,0.370807164175093,216.823188055872,1041,0,575.781566386505
53.5563785880495,0.340161598669949,214.051666704548,2007,1,0
44.134349032237,0.403451295563594,216.878273051434,841,0,1068.09319504179
58.7679581255807,0.309334278348258,219.077373211721,1492,1,0
32.2621080089643,0.524534063198959,216.976276677309,1343,1,270.272430554487
27.5534529668858,0.824935691693912,210,1700,1,0
22.2127975109572,0.564615854623206,224.485330984436,1355,1,0
54.9604431148918,0.449529299574742,226.374375206394,427,0,573
46.5436565635406,0.441637746216891,223.257609956698,1566,1,0
39.4441532908955,0.187361838260669,214.311571647876,2199,1,0
42.7996862631982,0.676621955429432,218.992542330262,2066,1,0
28.7451095270162,0.48443256059744,219.967393423853,475,0,1643.44615633277
64.4575197961683,0.463904017281875,222.99397194781,362,0,638
41.2922118197523,1.13862151356897,223.34170244359,366,0,634
41.0939479460489,0.559750581673137,216.329131006108,2506,1,0
47.2576662389869,0.349641789980963,220.409977782068,2044,1,0
44.8100923173671,0.414728480758891,222.286402023076,1993,1,0
42.2388402427913,0.729689141839351,227.279111610734,2001,1,0
32.0952554455469,0.522654082107553,223.522532699124,2799,1,0
44.71468357136,0.212344404336527,223.945283436878,1752,1,176.638822727296
58.8202449647503,0.683845786915041,220.419133139647,1544,1,0
53.4542004615498,0.366371182892201,227.052295726018,145,0,895.933390572135
55.931866266394,0.874659555243509,222.048813979798,699,1,301
34.8878432356882,0.71600961314293,215.694560449132,819,1,181
30.1039517974142,0.41053562086825,227.016849850626,2012,0,575.421122377029
38.7421307990035,0.756203272347023,223.489516362695,1392,1,0
40.5572491228869,0.513571102105481,217.784779894358,700,0,616.937407916336
50.9419151847095,0.670554735024444,217.602535163004,480,0,520
23.0753537028518,0.596946563458895,221.482877725704,217,0,783
55.2955031946061,0.330728669001825,222.315923976338,2263,1,0
38.4199210142101,0.371290033536508,220.986461328156,359,0,2112.76066083461
35.7311893005258,0.705992163516232,221.556543367214,1198,1,0
29.8789562473983,0.433044933578692,228.499786872882,1603,0,829.331510866005
23.4514332813423,0.419270307351601,225.357715761174,2452,1,158.330706690755
48.2317058396191,0.308975484130129,220.953177956325,2154,1,0
40.733179671884,0.584719813118692,224.706552903837,465,0,535
27.1003910025895,0.912504983848629,214.837380482362,1757,1,0
27.0492122793638,0.286493417149145,221.989635249734,2670,1,312.148943807795
36.6421530070987,0.504843891334552,229.046531748666,1561,1,6.9353753584619
56.6902152528939,0.782444111083086,218.909770523038,2124,1,0
37.404086486364,0.484071721750857,215.761830356905,2576,1,0
24.9685704688189,0.590474359249947,216.739555557035,890,1,110
37.5425693591406,0.287521294370624,214.551834813288,846,0,1770.83333012401
37.2727643025233,0.58566141944153,216.076190459361,2514,1,0
13.0311335705843,0.46257114699909,218.14745950705,412,0,1605.49195090655
39.4570513348219,0.697145999135973,212.972164904107,637,1,363
37.6906546979132,0.73747721031295,220.078091669748,1020,1,0
46.9620636481342,1.01791272840372,224.511385868933,1177,1,0
58.4895609494535,0.615926634642715,215.461219099265,1590,1,0
51.2656502954776,0.565159263316433,227.596419618209,2929,1,0
37.3111130944517,0.538876860315467,222.553960442638,2481,1,0
28.9347409125833,0.429366741437862,225.15290292812,897,0,1623.64888877009
65.7335980324986,0.567696768692338,216.710827230739,447,0,553
40.5921843401449,0.440919717972194,224.272626135333,372,0,1573.02724308014
40.1392929191295,0.533692195253923,214.540330498023,819,1,276.561644550461
39.7587491289,0.763519507121592,224.451237504183,1873,1,0
41.9808476076786,0.298691486944072,220.859196698968,2647,1,0
38.5563958807606,0.727975712225809,222.766256099924,784,1,216
34.2633799311976,0.763423013467973,214.122026971876,2226,1,0
34.5314105875961,0.476386294601784,215.524650788617,721,0,1279.28415348729
39.67246729784,0.0756290201982811,222.986141091267,2139,1,0
34.5657522886624,0.378435602581114,215.258259978879,1046,0,1574.3709369921
32.8715421732284,0.759398909312222,222.316031460496,2505,1,0
41.064302276919,0.495426387540224,213.164310967699,2765,1,0
37.4502278257914,0.300139553541018,224.240871063333,606,0,2031.55191926861
55.0399298858269,0.399045015754357,213.837383426157,1682,1,0
13.4903019160699,0.668124005300911,222.761499688398,2723,1,0
50.9150685192246,0.609346713640276,223.12815466823,343,0,657
52.4608519249763,0.452213580166061,216.516140907852,605,1,395
19.2660976759185,0.426635117637062,222.910132835424,521,0,1996.55838837947
36.5731240591965,0.421648370191236,221.302211316668,2364,1,0
36.2855913400421,0.315517963100299,217.305790719036,1972,0,731.688674893184
25.9248830528218,0.823075137893888,214.957226579619,1292,1,0
32.2218331240913,0.435535906157732,210.186871541637,429,0,1899.55324413813
28.8942415453417,0.743431704165099,221.748250236498,749,1,251
57.5227044342362,0.80426321038449,212.17598614319,1564,1,0
49.3567839314746,0.699662179629592,220.476720997207,490,0,510
52.7155509499416,0.41367593745639,218.682758919589,1619,1,0
47.2167206404324,0.580746018067322,223.395713877191,480,0,520
28.7094822878277,0.495160878721817,218.489772502551,841,0,1173.94664533314
34.7547973372023,0.319259627853974,218.352761068265,2110,0,666.555336519628
44.8937456122792,0.564871856344321,223.659353521442,919,1,81
27.7787219110805,0.264192041768039,221.675290145421,772,0,2175.97972175651
47.1299843017239,0.737535877692313,221.580779785914,2660,1,0
37.5967460184187,0.407076540540321,222.346337949043,1871,1,484.242259315592
36.251791924504,0.540231931174568,212.322139383964,1311,1,0
47.1095996820349,0.556657574309229,223.783943399935,1029,1,0
44.4426331148604,0.448219005259185,223.062343970068,1639,1,0
36.3903383418092,0.617338760295055,214.916584357118,1012,1,0
51.5932980336425,0.405019268675495,218.779597631629,743,1,408.22111421725
29.189366724001,0.674259459491449,219.803463561862,526,1,474
46.1593560694426,0.23080406395065,219.327516077991,601,0,1283.91616117887
45.9310125796838,0.525275915909282,221.669299832843,829,1,171
36.9045356068601,0.887785799811657,227.156833909156,1383,1,0
43.2613302224212,0.299933735078885,225.408833638364,2218,1,11.6862278024771
27.488864236147,0.36445100589503,213.438904032843,2625,1,214.338281941124
49.240270192069,0.602781569931783,223.11034995153,556,1,444
38.1509786355701,0.53591635638792,226.644666597677,2336,1,0
34.7727697948096,0.570126019854712,221.934042603446,390,0,610
50.4900922583689,0.597837426029533,225.45490212593,1019,1,0
32.9565630945724,0.626944293712354,230.061352228504,2439,1,0
25.9153870363644,0.721939968391245,225.118547730535,2069,1,0
24.433708264761,0.581963731385703,221.246542978209,855,1,155.144848892209
46.0600995134564,0.451748469076292,225.225442370424,1758,1,0
27.1957064750372,0.634514740240546,220.724439165484,1934,1,0
57.5479418198436,0.879976386979043,220.119515216425,1406,1,0
19.1807059211628,0.473473250723485,218.242928821431,1667,0,502.334741679136
56.9645636829004,0.305094139065872,227.817066794161,1969,1,0
42.1101746720262,0.721416133857395,215.90785667029,476,0,524
39.0328688812961,0.47592376720928,227.661838623391,1279,1,450.963800982277
34.5508091319105,0.0654660907971927,222.499320618702,607,0,808.892965464644
43.9913611435207,0.669484335430084,213.00346912599,1536,1,0
39.6236529757515,0.392934362809215,221.838246464957,2675,1,0
51.0330188201652,0.481893343539168,210,658,1,342
41.1422764866204,0.566396066113803,223.127540084155,2407,1,0
41.5030176146188,0.538099935955813,224.426157414945,520,1,480
36.3638778778614,0.641890363427808,217.03822022174,1652,1,0
39.4305437627893,0.412902725886031,220.617738479778,403,0,1815.18588738091
43.0780176889206,0.602621159635217,229.770787168751,1041,1,0
22.8983160734337,0.448090664483217,217.47126647869,2689,1,0
26.5181457789429,0.647762096177501,214.705462064717,1401,1,0
47.4326409402272,0.623073496802611,227.408317012313,1189,1,0
41.7086543812794,0.312912259591081,229.812935952654,2255,1,24.1400573886521
38.1601666364732,0.717196423235006,220.018478359239,2415,1,0
40.1843393306539,0.39280731097719,225.057315177042,2369,1,0
43.4758170536167,0.661611559656229,226.707379577654,1927,1,0
34.6024031969064,0.573457462680268,216.287578837308,1653,1,0
32.2169527459769,0.867636735359025,217.573470823161,792,1,208
41.9584525509768,0.45530680352563,226.154372565774,354,0,1366.03170017965
30.2162722238497,0.430136640776361,228.425071393543,1578,0,867.163993725811
44.0825275571447,0.496116078822453,222.814404300872,2400,1,0
22.9741639576216,0.439364043433145,215.60092823249,356,0,2129.96972659874
50.2915563732564,0.65998838038841,229.935305558497,2530,1,0
44.7259748241304,0.176737878312682,217.34514551094,541,0,1207.4150198766
42.5602973431388,0.289263516170729,218.324311094143,1981,1,328.056836166613
49.8269098394551,0.286439415684161,221.711689172448,2746,1,0
56.6547444446258,0.690061518394715,227.770802103574,1213,1,0
50.1437006501813,0.842122674516385,224.269879882761,2537,1,0
21.5912576866835,0.479110156292506,222.07432750181,681,0,1486.86479844022
27.204230332643,0.466235655361998,222.316442650591,1835,1,457.979807029383
33.7518142230432,0.514010432622636,220.217573343217,2745,1,0
40.2609105021083,0.732375660521638,222.790697572593,118,0,882
45.1765902046912,0.314529373161885,210,1224,0,766.067338914641
32.7425618684653,0.547673796546957,218.516962704651,2754,1,0
41.8676676447708,0.695039525956486,221.206609674584,1480,1,0
32.4461706764668,0.600218833987969,214.244929581902,1665,1,0
33.8848219700805,0.537916323319749,221.931616589058,2180,1,0
25.9333890315178,0.700209218513428,218.977643895069,2093,1,0
30.767667538891,0,228.777378491577,1647,1,0
26.4831539438367,0.635575063906182,227.865098626074,961,1,39
30.2412674702267,0.369184863374515,217.670972154409,254,0,2559.86558585858
50.5364179660784,0.133873420628709,219.245811442167,1004,1,0
30.5060111116806,0.602240519904996,219.630262171958,1369,1,0
66.3238206483739,0.774731709032592,217.741702619202,504,1,496
44.9331790088089,0.472510297074462,220.975124920141,943,1,429.094898922769
41.8483612369487,0.690574909440588,216.208589655562,1882,1,0
31.4164221981879,0.822455651597729,214.346923325312,1664,1,0
47.0030987940899,0.76298289071681,223.113556119501,1284,1,0
34.2436217376223,0.827992905874279,223.147647921109,846,1,154
41.2200981464536,0.648425498214378,215.9784212017,1825,1,0
65.600845382688,0.515086727780319,224.476777153813,370,0,630
39.0394010027535,0.179606837620566,216.842111354173,869,0,1320.6542772384
51.4927332628568,0.45078750237401,221.26582619019,1815,1,0
32.9682357487411,0.331350680936762,224.101720063062,1610,0,1207.50919387205
39.6501150950304,0.934188543499563,219.831937176481,271,0,729
57.7080063563551,0.464822837513533,222.273704560706,373,0,627
33.7303294221223,0.524640961356897,217.417851780562,2406,1,0
58.1244855799693,0.610297075208094,219.01766708286,1258,1,0
47.0775193545548,0.508720489274491,218.970702845598,1806,1,0
34.3753322410573,0.839010208086151,216.267108267299,1871,1,0
46.3240773905552,0.37547012765311,219.116129184421,521,0,1325.34465360776
49.7255444962673,0.538921491047449,212.256908505681,1544,1,0
46.218099622172,0.35150588286039,217.544231264289,1309,0,618.186130516192
24.2977528010954,0.235995497755859,218.575622533152,2511,1,383.460849747552
32.7286282417513,0.377646181818943,218.719101237523,2525,1,189.898960696674
37.524813644485,0.492592640590318,218.792512770646,679,0,1043.64171806533
39.2556657089995,0.414139555096548,219.691179000699,990,0,1232.5997790789
46.2067209755068,0.361515804025229,222.39720759043,821,0,1079.25962096218
41.7770100093325,0.218736507265633,224.372585370663,980,0,1210.30202732879
26.646556412899,0.483378885474261,216.751173865759,1221,0,921.72496442523
43.8019785100596,0.1990559251938,213.983995723054,2752,1,0
46.1058574528382,0.652011192737921,214.789777938784,2107,1,0
45.5979044793104,0.516487950586901,217.563985394025,2169,1,0
50.8078072555462,0.208489700107014,218.240393410917,1573,1,0
48.339221545489,0.438158184590027,216.150019669013,482,0,815.498302555333
44.5918007922844,0.349568718881883,213.519416678751,2281,1,0
39.2983428854135,0.563834902083836,217.719395862629,1549,1,0
23.3903906648401,0.768090089204629,220.90713310057,2650,1,0
44.2961821913259,0.124965506070851,222.975147329178,1690,1,0
42.0768768716311,0.523005215829483,217.212884734458,1886,1,0
42.7157883719537,0.467973440886672,217.935010889283,243,0,1349.91632635691
27.2325142417969,0.634268015290093,215.366508455763,1986,1,0
29.1894345959174,0.542639325647538,219.842804148126,1802,1,0
50.531528533329,0.349606133652236,215.757856829046,1535,1,0
39.6044484614335,0.436189212866676,222.865639066206,323,0,1731.12298162741
46.8150069737262,0.340794828639302,211.070667540329,319,0,1502.11817236809
40.2831837613046,0.71520142771972,218.201851637738,278,0,722
40.2975613949575,0.504262329734388,221.505536695959,1754,1,0
49.38283805976,0.880238137150602,220.919172581613,532,1,468
34.8395527178263,0.487867837237076,233.465168319903,364,0,1357.1826961091
40.9612077694098,0.358318646617907,221.74900012284,1053,0,1292.78071063499
35.3772471129496,0.197257121477435,214.97972701579,528,0,1943.58936500151
35.6550377256768,0.139372064748811,219.522678764555,2563,1,0
36.9082787653136,0.183172811398902,211.118768332668,2874,1,0
42.2213377163371,0.553425330202297,219.597001253516,2344,1,0
35.2125137833652,0.601745004645987,215.834719714996,1677,1,0
52.5575612557352,0.183761859593573,224.576951377801,579,1,421
31.053926977805,0.679007662815223,217.252298627022,1453,1,0
38.1312835583864,0.403387789663312,219.416170421024,989,0,1360.25413808997
35.6026894172583,0.52935860239711,216.822210792978,1024,1,400.951837019424
54.4697788435373,0.822444125651085,228.694256759267,2270,1,0
41.9655477651157,0.679367863173106,218.39378616941,2002,1,0
50.3184453946864,0.446293870418834,229.162785217396,1510,1,0
25.1443962696303,0.321761554916942,224.070758810591,1462,0,1509.5434569344
42.6705026586926,0.069636919734139,222.410333636677,877,1,123
48.8963079562344,0.356169336151516,221.843665736588,2495,1,0
40.8228398927542,0.457773952234461,221.968986491081,128,0,1689.44700927981
50.6548037506535,0.302564094569763,210.361637103272,134,0,1310.33991729236
34.8271154989963,0.473748606581539,218.605583029246,1519,0,509.736257351318
54.0934744018558,0.515370376591754,224.225789855922,2770,1,0
62.9889812361925,0.455028803638384,219.755514082629,688,1,312
36.3716143956034,0.369999483835308,212.974050765982,1003,0,1537.77425734789
35.5449747859923,0.533730934393346,219.737977747113,2667,1,0
54.533844771177,0.588388129913882,228.520527581277,2269,1,0
55.7957214573071,0.281920184511431,226.234458577674,439,0,561
34.7713997284673,0.782186475949254,219.68997995317,274,0,726
35.7981318290414,0.480282373543148,224.75724638529,2023,1,0
37.1821539113949,0.50376992458897,218.16746489816,1814,1,0
26.5554948896572,0.641642884651312,211.480642065866,696,1,304
30.813480535158,0.5466432262527,215.377670059352,550,0,832.708581883137
29.9585923324793,0.690627326782649,227.814443842541,656,1,344
32.3220243489587,0.557424833040365,218.630034590853,1259,1,0
39.6531511261322,0.377512525071912,218.783080103125,1456,0,915.170233110618
42.3421473253652,0.57230070504122,218.500809018626,2156,1,0
55.5050049281408,0.271254758535868,229.520682947865,2481,1,0
30.0164595926121,0.521711941155305,228.12979457681,1116,0,533.079892546846
49.8432239847658,0.493354001871108,231.093901167241,2474,1,0
37.8601115577449,0.458376628545492,219.204773948,2162,1,0
39.5053629034757,0.474292497712214,221.478122443736,938,0,832.800389602212
46.748194921666,0.123630190900472,212.416787252896,1737,1,0
28.772779784377,0.390255018451808,227.384672130591,325,0,2385.18659240492
43.8240974618405,0.518568980228223,214.16110224366,1913,1,0
41.6645220821306,0.53197127839948,221.083877818813,2260,1,0
44.9245126400815,0.294464971814808,214.513487361836,2120,1,0
42.8916864390782,0.75314156817294,217.055665866307,1551,1,0
64.553001399109,0.3267650303571,215.813687844751,2148,1,0
33.6226001574868,0.693891440105347,216.960623696621,2413,1,0
34.6900304499818,0.585438872374337,217.304386484255,1614,1,0
33.7685947357524,0.370754538031239,217.258656025375,1331,0,1365.46713104607
34.4452288083975,0.855062178521902,224.166669558902,1745,1,0
33.6261287269348,0.261272633648704,214.475686034687,1835,0,931.630961902964
51.8901653110755,0.683830834722,221.102707135069,405,0,595
54.2050424798986,0.700116463608596,226.089795761528,2159,1,0
34.2925370625052,0.365875958184671,217.434018177433,1823,0,870.033034933024
31.6764442689577,0.778493060012866,216.410405546262,1789,1,0
44.714155563864,0.449990697080209,218.847376874099,1617,1,0
34.4777695571903,0.557738725855971,225.898626041804,1491,1,0
46.3293181775551,0.552064367754244,220.970538154767,519,1,481
42.029230208513,0.47313825170589,217.343928526962,2318,1,0
24.8425588500277,0.662161654631956,222.41938325594,233,0,767
55.4750520133006,0.658697744110443,214.488539250818,2130,1,0
57.9587767309552,0.150293605352364,223.406797552215,1550,1,0
33.8721130951561,0.760868048575631,222.043036538509,1653,1,0
36.1229844006402,0.167501602392865,218.460957644306,1264,0,1019.80064335618
42.8586539072491,0.706509240868331,215.807071007764,1969,1,0
43.3445678998703,0.725341027365517,215.566595388583,1919,1,0
46.5854427267283,0.28180671395696,222.67408668173,2805,1,0
60.1020453876635,0.417837142409083,226.144902512445,1442,1,0
38.2305277250595,0.278859066302813,216.813461264856,1564,0,1025.67946309733
32.0170275546155,0.457015793942253,222.291933517757,2326,1,0
26.2068077198547,0.438393143162852,210,1179,0,1238.94703730944
32.6906996005808,0.655932106453868,217.076911346714,1278,1,0
39.668730271262,0.762061749223922,219.844705335646,1795,1,0
57.9455786351779,0.779136762157991,215.451582915091,210,0,790
34.8238870096383,0.38756639468434,215.317468126052,2284,1,287.913156125479
42.237879516389,0.458155625251094,216.661102217656,2379,1,0
39.8357710392725,0.16331236155581,221.460963641632,567,0,1474.66648414111
51.8839327344808,0.338825986700762,219.063354907968,2879,1,0
65.2693242587362,0.692970326619492,210,2628,1,0
34.6913122707968,0.823116564709646,210,913,1,87
35.1056055748178,0.253130225624016,216.965674110714,1372,0,1336.93288590447
50.4416087706907,0.381507148169421,222.288432930268,1093,1,297.287790565007
46.8189148962631,0.494718848608215,210,2131,1,0
58.4670732573603,0.556032231763921,217.501349119242,422,0,578
45.8392818532596,0.338079296015671,217.368760717413,1003,0,988.768719856885
36.4070790921294,0.584812208892818,226.941688891042,1641,1,0
45.9065483069231,0.405232130585817,218.074890941436,2099,1,0
51.0870358058291,0.497109545824344,221.914944923705,1915,1,0
48.2048218119736,0.60925684960074,220.706285700437,2753,1,0
45.072740311073,0.501284453962188,210,2576,1,0
50.6667468958915,0.412722821894686,223.841036083159,247,0,956.625808037549
51.6929559044567,0.478078039214834,221.076982527281,1241,1,0
53.8215899103753,0.482327408158933,222.541343198373,949,1,51
46.4870988758964,0.425997794023574,239.631188532182,466,0,725.740516338097
38.3288191968315,0.44824078746658,210,2997,1,0
41.4671368643332,0.819729434100943,228.623483248806,1189,1,0
52.0650896650836,0.612183889588248,218.562762402998,2138,1,0
31.8306432901276,0.440903936394168,221.436644522015,2960,1,0
43.686733088729,0.639390880902147,219.772438773494,274,0,726
36.0666118767264,0.433236102048798,217.87881833301,1954,1,325.548786262011
40.2874482293482,0.734624927517328,217.150835358806,687,1,313
52.784518626073,0.573928438439619,221.647543677865,594,1,406
41.910990680199,0.478539571199154,212.414131516642,1237,1,273.030457729791
40.4643654815615,0.589543385162056,223.752895837609,1884,1,0
26.4014385902008,0.1858247695863,217.919027975574,1270,0,1395.40546305057
47.4625356602722,0.274646506218039,214.349653304798,134,0,1696.74690596356
46.4548418114108,0.261214998720189,217.749935710021,1098,0,836.418664467067
61.6325472330546,0.528588618952741,226.285746084313,1432,1,0
36.92221765047,0.846502999897018,217.323324564919,2685,1,0
42.1915032766394,0.946260029238527,221.792268091048,2897,1,0
42.4938368371076,0.627610220288152,216.345218621423,1137,1,0
55.7745327976348,0.600168894988891,223.789609249618,473,0,527
39.0470446761305,0.139788453169452,223.427538693951,2704,1,0
42.7902152577034,0.391465240053196,229.243044166482,1551,1,451.103861274694
46.0789650971654,0.342443249618352,219.122180272504,1851,1,115.809764199615
41.8660912315636,0.375830480349777,223.34327402379,2380,1,0
35.5356638544947,0.466371236283042,220.490337697695,804,0,1257.10772270595
41.9408999289831,0.405581884460575,226.479358909315,662,0,1379.56490462631
50.7363174985977,0.104140037924842,216.405838061956,2873,1,0
29.7348470058894,0.649582051223507,223.725026564386,1973,1,0
41.3296967414688,0.285451394852039,219.026513519417,2223,1,178.185230348705
32.9987918506083,0.54784937282223,219.679059114458,538,0,783.984937695654
51.9504662892484,0.914816533949995,220.458762422242,1983,1,0
24.7681309521623,0.316123081682715,221.261201982133,2079,0,912.791051585808
34.4107815272841,0,219.41885478439,798,1,202
43.7721187506452,0.442799155623978,221.073565915853,1412,1,293.963168632793
55.6552402923434,0.720191926999714,227.890590287811,1663,1,0
39.3424973892701,0.891669490844119,224.927248428076,791,1,209
34.448004733068,0.254090081109517,224.345772962485,2400,1,330.055033409546
58.8115706944059,0.599339844647304,217.722302369881,1300,1,0
25.5198609958376,0.406937908643989,215.553795858858,2557,1,136.737793428777
18.0119404337992,0.478810329139173,224.776502791189,1734,1,335.338950357014
44.4001445005333,1.02886866940341,224.380233962649,1733,1,0
34.9794577564739,0.199405934320969,227.363353378755,226,0,2245.49170441088
29.7876718286929,0.550747932298915,216.980096870154,1606,1,0
47.0835644729935,0.593538634353087,218.852256723198,1291,1,0
42.438007137712,0.71715726498787,211.802579187373,2739,1,0
34.3592136926327,0.519596630694179,218.037644469696,393,0,1202.92686447932
27.1969560132911,0.56161010790082,224.982852552897,1466,1,0
48.7245732828014,0.421670286515642,217.667523103859,1119,1,254.678358340085
46.5020117795866,0.553825388249022,223.202398976004,2457,1,0
39.0082413622062,0.431361544900518,219.047484470011,2809,1,0
58.4663699604767,0.62431437797121,221.620285141108,2675,1,0
29.2991523367385,0.426077932791273,214.261543050922,2687,1,0
24.7447482907526,0.575420078780437,220.42604724817,518,0,585.268203445495
33.0809193011876,0.494147437263004,210,543,0,1269.55541121118
39.544139836445,0.725210050154434,219.06551920919,784,1,216
42.4333944932269,0.489721255282303,211.847633781424,2987,1,0
37.5876394214367,0.145393506358624,226.029972582734,2383,1,0
43.520553965143,0.752384300142798,223.887036763823,1562,1,0
27.4846057580956,0.318853539827476,222.33335490983,2361,0,610.950687379311
54.4376460407326,0.369246732270236,227.605031135797,184,0,816
39.1784882160743,0.380867741191302,215.255417395876,2941,1,0
51.1729583158813,0.774887618634164,228.736815989578,1867,1,0
43.427253463777,0.0728651572042609,224.660957821302,184,0,816
44.5675321915378,1.127549706732,218.817223563905,2044,1,0
45.697672802322,0.71121136181321,225.678100735915,2212,1,0
44.4770856001732,0.544647782825832,214.468532437942,1769,1,0
46.4272275986754,0.489021199876743,215.877429192362,762,1,307.498876386168
53.2915253013243,0.557110814971531,216.957051383801,726,1,274
41.9652116970147,0.604224485675868,217.35511145968,163,0,837
47.0900375758851,0.629043117190011,214.717211786199,1018,1,0
39.1026430571277,0.61112089320069,226.115415335477,1475,1,0
54.4011721544947,0.51791613625105,218.705727998151,1281,1,0
33.2360769794073,0.460532315938535,221.762524841784,1712,1,489.887974643526
58.0094043291082,0.469745343269298,217.148243167932,590,1,410
39.5984204935566,0.461018343929464,210.896983497257,1978,1,0
25.6922489788195,0.726754019373413,221.350286791957,2040,1,0
41.2810441491079,0.618711344456172,210.438725122901,412,0,588
33.1894834252512,0,219.656829769573,2762,1,0
48.4064354898872,0.631180155305952,213.158424805836,1018,1,0
33.4737602069761,0.538947238943755,229.936379996154,1982,1,0
35.5381656678522,0.496258248710821,224.556813610874,912,0,857.518643610691
21.1045926905447,0.422296309382223,220.528768956357,1589,0,1003.09028094119
35.4769368075092,0.724822543997203,226.318533388273,1426,1,0
15.7612067337104,0.689505292424572,215.768420112671,779,1,221
24.1609717651428,0.345424466435278,222.71739689335,534,0,2405.46682617546
47.604146561443,0.581410457424907,220.999052168594,781,1,219
47.8580015865083,0.305668653091743,221.320100406668,1258,0,578.369024155413
44.2545756178496,0.224076367042214,226.361767500534,1173,0,818.554224957014
30.3302385687079,0.374656555082007,223.662460513899,1555,0,1229.10981212333
39.5228864385802,0.672478694476552,221.443618314125,2487,1,0
39.9639746090943,0.690625009075217,211.725562818859,2494,1,0
28.4163531080746,0.602617084019459,215.199768523603,2793,1,0
55.0339830176715,0.6450191573696,219.386455332021,1470,1,0
48.7736229057567,0.603235657422992,220.466861871383,748,1,252
37.7903582617034,0.37170368095541,214.34898137663,344,0,2131.98995425951
40.2688583899453,0.586384508934788,232.058383377892,2256,1,0
42.0838280794755,0.660081905045536,227.581970276268,2680,1,0
19.5826513157571,0.650858265962715,223.010591601962,395,0,605
37.528226174794,0.737782674294929,220.360184306419,2259,1,0
33.180157520022,0.641660769440213,218.938955150494,1712,1,0
29.9837999010508,0.570289641508317,215.240407699889,2490,1,0
37.1889970711405,0.714030047663286,220.387402592594,2248,1,0
57.9768652684952,0.494695748150188,221.288762700714,2776,1,0
46.4084286126701,0.323625069754456,213.791197122592,1727,1,202.006467331822
34.288210102172,0.467386607211247,221.670882086224,127,0,1978.03825309587
45.7258278135616,0.35101947103871,219.223704755876,2085,1,0
